ID,N_VICTIMAS,FECHA,AAAA,MM,DD,HORA,HH,LUGAR_DEL_HECHO,TIPO_DE_CALLE,Calle,Altura,Cruce,Direcci√≥n Normalizada,COMUNA,XY (CABA),pos x,pos y,PARTICIPANTES,VICTIMA,ACUSADO
2021-0056,1,2021-07-09,2021,7,9,23:25:00,23,"CORRALES Y MORENO, PERITO AV.",AVENIDA,CORRALES,,"MORENO, PERITO AV.","CORRALES y MORENO, PERITO AV.",4,Point (103535.89012020 97690.49979847),-58.42473018,-34.65008280,BICICLETA-AUTO,BICICLETA,AUTO
2021-0057,1,2021-07-10,2021,7,10,23:30:00,23,"AU ILLIA KM 3.2, ALTURA CABINAS DE PEAJE",AUTOPISTA,AUTOPISTA ARTURO ILLIA,,,AUTOPISTA  ARTURO ILLIA (CABINA DE PEAJE),2,Point (106489.89755339 105947.16700228),-58.39257023,-34.57563957,AUTO-OBJETO FIJO,AUTO,OBJETO FIJO
2021-0058,1,2021-07-21,2021,7,21,00:40:00,0,AV. GRAL. PAZ Y VEDIA,GRAL PAZ,"PAZ, GRAL. AV.",,VEDIA,"PAZ, GRAL. AV. y VEDIA",12,Point (97603.26759351 109241.33811464),-58.48941042,-34.54596153,PEATON-AUTO,PEATON,AUTO
2021-0059,1,2021-07-22,2021,7,22,01:20:00,1,"GARAY, JUAN DE AV. 2269",AVENIDA,"GARAY, JUAN DE AV.",2269.0,,"GARAY, JUAN DE AV. 2269",3,Point (106134.00626590 100157.65420238),-58.39640740,-34.62783085,AUTO-OBJETO FIJO,AUTO,OBJETO FIJO
2021-0060,1,2021-07-22,2021,7,22,12:30:00,12,"SALGUERO, JERONIMO Y RIVADAVIA AV.",AVENIDA,"SALGUERO, JERONIMO",,RIVADAVIA AV.,"SALGUERO, JERONIMO y RIVADAVIA AV.",5,Point (103997.04813615 102012.34139150),-58.41971993,-34.61112240,PEATON-PASAJEROS,PEATON,PASAJEROS
2021-0061,1,2021-07-24,2021,7,24,09:15:00,9,"MORENO, PERITO AV. Y ALCORTA, AMANCIO AV.",AVENIDA,"MORENO, PERITO AV.",,"ALCORTA, AMANCIO AV.","MORENO, PERITO AV. y ALCORTA, AMANCIO AV.",4,Point (105303.77662691 97684.64886839),-58.40544588,-34.65012801,PEATON-CARGAS,PEATON,CARGAS
2021-0062,1,2021-07-27,2021,7,27,07:16:00,7,LA PLATA AV. 2723,AVENIDA,LA PLATA AV.,2723.0,,LA PLATA AV. 2723,4,Point (103966.14093695 98092.26779856),-58.42003882,-34.64645957,AUTO-CARGAS,AUTO,CARGAS
2021-0063,1,2021-08-02,2021,8,2,04:40:00,4,"ALBERDI, JUAN BAUTISTA AV. 2906",AVENIDA,"ALBERDI, JUAN BAUTISTA AV.",2906.0,,"ALBERDI, JUAN BAUTISTA AV. 2906",7,Point (99521.99764944 99532.20302798),-58.46851293,-34.63348678,AUTO-AUTO,AUTO,AUTO
2021-0064,1,2021-08-02,2021,8,2,20:00:00,20,"PAZ, GRAL. AV. Y TONELERO",GRAL PAZ,"PAZ, GRAL. AV.",,TONELERO,"PAZ, GRAL. AV. y TONELERO",9,Point (93948.70282497 97229.16264548),-58.52931141,-34.65422917,PEATON-CARGAS,PEATON,CARGAS
2021-0065,1,2021-08-06,2021,8,6,08:30:00,8,Av. SAN JUAN Y AV. LA PLATA,AVENIDA,SAN JUAN AV.,,LA PLATA AV.,SAN JUAN AV. y LA PLATA AV.,6,Point (103350.94520286 100251.53397151),-58.42675754,-34.62699730,PEATON-PASAJEROS,PEATON,PASAJEROS
2021-0066,1,2021-08-06,2021,8,6,20:00:00,20,Av. LOPE DE VEGA Y AV. GRAL. PAZ,AVENIDA,LOPE DE VEGA AV.,,"PAZ, GRAL. AV.","LOPE DE VEGA AV. y PAZ, GRAL. AV.",11,Point (93943.16495967 102026.75338495),-58.52933723,-34.61098186,PEATON-PASAJEROS,PEATON,PASAJEROS
2021-0067,1,2021-08-08,2021,8,8,09:29:00,9,"AU FRONDIZI KM 2,9 (ALTURA BRASIL)",AUTOPISTA,AUTOPISTA 1 SUR PRESIDENTE ARTURO FRONDIZI,,,AUTOPISTA 1 SUR PRESIDENTE ARTURO FRONDIZI y BRASIL,1,Point (107720.23994349 100176.85080944),-58.37910943,-34.62764718,MOTO-OBJETO FIJO,MOTO,OBJETO FIJO
2021-0068,1,2021-08-15,2021,8,15,06:10:00,6,"BEIRO, FRANCISCO AV. 5071",AVENIDA,"BEIRO, FRANCISCO AV.",5071.0,,"BEIRO, FRANCISCO AV. 5071",11,Point (94651.77324467 101953.65862250),-58.52161176,-34.61164474,MOTO-OBJETO FIJO,MOTO,OBJETO FIJO
2021-0069,1,2021-08-20,2021,8,20,17:15:00,17,AV. SANTA FE 3428,AVENIDA,SANTA FE AV.,3428.0,,SANTA FE AV. 3428,14,Point (104564.52859898 104690.63252497),-58.41354692,-34.58697680,PEATON-AUTO,PEATON,AUTO
2021-0070,1,2021-08-28,2021,8,28,08:30:00,8,"CHILAVERT, MARTINIANO, CORONEL Y VARELA AV.",AVENIDA,"CHILAVERT, MARTINIANO, CORONEL",,VARELA AV.,"CHILAVERT, MARTINIANO, CORONEL y VARELA AV.",8,Point (102171.86474787 97177.81588434),-58.43960781,-34.65470804,MOTO-CARGAS,MOTO,CARGAS
2021-0071,1,2021-08-31,2021,8,31,16:00:00,16,SAN LUIS 2730,CALLE,SAN LUIS,2730.0,,SAN LUIS 2730,3,Point (105389.46943359 103241.39184079),-58.40454610,-34.60003693,PEATON-MOTO,PEATON,MOTO
2021-0072,1,2021-09-01,2021,9,1,19:10:00,19,CALLAO AV. Y PARAGUAY,AVENIDA,CALLAO AV.,,PARAGUAY,CALLAO AV. y PARAGUAY,2,Point (106445.10866138 103387.80115442),-58.39303911,-34.59871111,PEATON-AUTO,PEATON,AUTO
2021-0073,1,2021-09-18,2021,9,18,12:20:00,12,"DEL LIBERTADOR AV. Y AGOTE, LUIS DR.",AVENIDA,DEL LIBERTADOR AV.,,"AGOTE, LUIS DR.","DEL LIBERTADOR AV. y AGOTE, LUIS DR.",2,Point (106366.2976627 105013.87298990),-58.39391034,-34.58405348,BICICLETA-AUTO,BICICLETA,AUTO
2021-0074,1,2021-09-20,2021,9,20,15:00:00,15,"PAZ, GRAL. AV. Y BALBIN, RICARDO, DR. AV.",GRAL PAZ,"PAZ, GRAL. AV.",,"BALBIN, RICARDO, DR. AV.","PAZ, GRAL. AV. y BALBIN, RICARDO, DR. AV.",12,Point (96563.66494817 108815.73881056),-58.50073810,-34.54979510,MULTIPLE,MOTO,MULTIPLE
2021-0075,1,2021-09-21,2021,9,21,14:30:00,14,SALTA Y BRASIL,CALLE,SALTA,,BRASIL,SALTA y BRASIL,1,Point (107380.60401316 100153.47427104),-58.38281301,-34.62786038,PEATON-CARGAS,PEATON,CARGAS
2021-0076,1,2021-10-16,2021,10,16,06:15:00,6,"MORENO, PERITO AV. 2152",AVENIDA,"MORENO, PERITO AV.",2152.0,,"MORENO, PERITO AV. 2152",7,Point (102153.60977503 97595.73281258),-58.43980799,-34.65094083,MOTO-OBJETO FIJO,MOTO,OBJETO FIJO
2021-0077,1,2021-10-18,2021,10,18,07:20:00,7,DIRECTORIO AV. 1169,AVENIDA,DIRECTORIO AV.,1169.0,,DIRECTORIO AV. 1169,6,Point (101767.56647933 99993.06655411),-58.44402387,-34.62933109,MOTO-CARGAS,MOTO,CARGAS
2021-0078,1,2021-10-23,2021,10,23,06:35:00,6,INDEPENDENCIA AV. Y LA PLATA AV.,AVENIDA,INDEPENDENCIA AV.,,LA PLATA AV.,INDEPENDENCIA AV. y LA PLATA AV.,6,Point (103255.81315650 100797.78656418),-58.42779702,-34.62207347,MOTO-PASAJEROS,MOTO,PASAJEROS
2021-0079,1,2021-10-25,2021,10,25,03:30:00,3,TUCUMAN 3112,CALLE,TUCUMAN,3112.0,,TUCUMAN 3112,3,Point (104940.36054625 103137.08602294),-58.40944147,-34.60097942,PEATON-AUTO,PEATON,AUTO
2021-0080,1,2021-10-28,2021,10,28,16:16:00,16,ARENALES Y 9 DE JULIO AV.,AVENIDA,ARENALES,,9 DE JULIO AV.,ARENALES y 9 DE JULIO AV.,1,Point (107387.05825032 103876.26437289),-58.38277479,-34.59430160,MOTO-AUTO,MOTO,AUTO
2021-0081,1,2021-11-02,2021,11,2,13:35:00,13,AU FRONDIZI SUBIDA BRANDSEN,AUTOPISTA,AUTOPISTA 1 SUR PRESIDENTE ARTURO FRONDIZI,,,AUTOPISTA 1 SUR PRESIDENTE ARTURO FRONDIZI y BRANDSEN,4,Point (107979.30419282 99027.13636949),-58.37627355,-34.63800916,MOTO-CARGAS,MOTO,CARGAS
2021-0082,1,2021-11-06,2021,11,6,04:39:00,4,AU 25 DE MAYO KM7 (ALTURA PASCO),AUTOPISTA,AUTOPISTA 25 DE MAYO,,,AUTOPISTA 25 DE MAYO y PASCO,3,Point (106179.07517962 100523.29161457),-58.39591856,-34.62453459,MOTO-AUTO,MOTO,AUTO
2021-0083,1,2021-11-09,2021,11,9,00:35:00,0,CABILDO AV. Y OLAZABAL,AVENIDA,CABILDO AV.,,OLAZABAL,CABILDO AV. y OLAZABAL,13,Point (100459.06991201 107666.84775309),-58.45829717,-34.56015762,MOTO-AUTO,MOTO,AUTO
2021-0084,1,2021-11-11,2021,11,11,03:00:00,3,TAPALQUE Y BRUIX AV.,AVENIDA,TAPALQUE,,BRUIX AV.,TAPALQUE y BRUIX AV.,9,Point (97421.40293646 98160.56984338),-58.49142611,-34.64584795,AUTO-OBJETO FIJO,AUTO,OBJETO FIJO
2021-0085,1,2021-11-20,2021,11,20,18:30:00,18,"PAZ, GRAL. AV. Y EZEIZA",GRAL PAZ,"PAZ, GRAL. AV.",,EZEIZA,"PAZ, GRAL. AV. y EZEIZA",12,Point (95465.98721454 105701.33171467),-58.51271409,-34.57786555,MOTO-OBJETO FIJO,MOTO,OBJETO FIJO
2021-0086,1,2021-11-25,2021,11,25,10:10:00,10,RIVADAVIA AV. Y PUAN,AVENIDA,RIVADAVIA AV.,,PUAN,RIVADAVIA AV. y PUAN,6,Point (101343.57441195 100636.86479169),-58.44864864,-34.62352826,PEATON-PASAJEROS,PEATON,PASAJEROS
2021-0087,1,2021-11-27,2021,11,27,11:22:00,11,ESMERALDA 1359,CALLE,ESMERALDA,1359.0,,ESMERALDA 1359,1,Point (107829.16426745 104166.84427133),-58.37795815,-34.59167894,PEATON-BICICLETA,PEATON,BICICLETA
2021-0088,1,2021-12-01,2021,12,1,15:40:00,15,AV. MOROE Y 3 DE FEBRERO,CALLE,MONROE,,3 DE FEBRERO,MONROE y 3 DE FEBRERO,13,Point (100732.60222975 108177.68150062),-58.45531707,-34.55555257,MOTO-AUTO,MOTO,AUTO
2021-0089,1,2021-12-02,2021,12,2,01:10:00,1,AV. GAONA 3655,AVENIDA,GAONA AV.,3655.0,,GAONA AV. 3655,11,Point (98804.41713890 100872.30706871),-58.47633683,-34.62140594,MOTO-AUTO,MOTO,AUTO
2021-0090,1,2021-12-10,2021,12,10,11:45:00,11,AV. 9 DE JULIO Y LAVALLE,AVENIDA,9 DE JULIO AV.,,LAVALLE,9 DE JULIO AV. y LAVALLE,1,Point (107467.87595573 102960.02837514),-58.38188582,-34.60256036,PEATON-PASAJEROS,PEATON,PASAJEROS
2021-0091,1,2021-12-11,2021,12,11,23:00:00,23,BAIGORRIA Y VICTOR HUGO,CALLE,BAIGORRIA,,"HUGO, VICTOR","BAIGORRIA y HUGO, VICTOR",10,Point (94810.03686085 100710.80080255),-58.51989389,-34.62284918,MOTO-AUTO,MOTO,AUTO
2021-0092,1,2021-12-12,2021,12,12,06:20:00,6,AV. RIVADAVIA Y AV. PUEYRREDON,AVENIDA,RIVADAVIA AV.,,PUEYRREDON AV.,RIVADAVIA AV. y PUEYRREDON AV.,3,Point (105258.35368554 102122.93231400),-58.40596860,-34.61011987,PEATON-AUTO,PEATON,AUTO
2021-0093,1,2021-12-13,2021,12,13,17:10:00,17,AV. RIESTRA Y MOM,AVENIDA,RIESTRA AV.,,MOM,RIESTRA AV. y MOM,7,Point (102728.60090138 98186.24929177),-58.43353773,-34.64561636,MOTO-AUTO,MOTO,AUTO
2021-0094,1,2021-12-20,2021,12,20,01:10:00,1,AU DELLEPIANE Y LACARRA,AUTOPISTA,"DELLEPIANE, LUIS, TTE. GRAL.",,LACARRA AV.,"DELLEPIANE, LUIS, TTE. GRAL. y LACARRA AV.",9,Point (99624.29795829 97569.69801131),-58.46739825,-34.65117757,MOTO-AUTO,MOTO,AUTO
2021-0095,1,2021-12-30,2021,12,30,00:43:00,0,AV. GAONA Y TERRADA,AVENIDA,GAONA AV.,,TERRADA,GAONA AV. y TERRADA,11,Point (99116.45492358 101045.23284826),-58.47293407,-34.61984745,MOTO-CARGAS,MOTO,CARGAS
2021-0096,1,2021-12-15,2021,12,15,10:30:00,10,AV. EVA PERON 4071,AVENIDA,"PERON, EVA AV.",4071.0,,"PERON, EVA AV. 4071",9,Point (99324.54463985 97676.26932409),-58.47066794,-34.65021673,AUTO-CARGAS,AUTO,CARGAS
2021-0097,1,2021-11-18,2021,11,18,06:10:00,6,PADRE CARLOS MUJICA 709,CALLE,PADRE CARLOS MUJICA,709.0,,PADRE CARLOS MUGICA 709,1,Point (107664.16647795 104708.63962087),-58.37976155,-34.58679619,BICICLETA-AUTO,BICICLETA,AUTO
